user_id,full_name,email,phone_number,city,country,created_at
a9638f42-b90d-4144-9e18-cf4127d1ef07,Emily Simpson,colemandiane@example.org,303-811-0070x122,Alvarezburgh,Eritrea,2020-06-11 15:13:11.086759
e07d3db4-41c8-4d60-aaae-0dc8ef1445bc,Dr. Roy Rogge,eschmiedecke@example.org,04652550195,Arnstadt,Deutschland,2021-12-24 22:25:18.967958
b7dae44f-b78d-42aa-bfc0-a317682ef8bd,Mrs Molly Wilson,cchandler@example.com,+44(0)117 496 0729,Smartborough,Lebanon,2025-07-17 18:17:57.946297
878b250d-8372-45ea-8c5c-2c90d549de1f,Roberto Haro Esquibel,nadia97@example.org,1-561-243-8791x2588,Nueva Santo Tomé y Príncipe,Micronesia,2023-09-21 15:54:05.669100
d4eb4d34-9653-422f-866c-2b4dcbea3705,الأستاذة ترانيم الجابر,wlhkyr@example.net,(750)987-4967,آل الشيخstad,Micronesia,2021-03-16 13:08:48.568159
e83d8456-9fc9-4dc1-8bac-de42f0ea56bd,Nicole Richardson,dawn32@example.com,6004739334,North Alexis,Argentina,2022-06-17 01:48:36.910174
f96e2f95-511a-41b3-b649-c2f71e4b6ea1,Melanie Bohlander,constantinbolzmann@example.net,06983 54673,Konstanz,Island,2023-02-17 18:57:54.061195
08f41c02-8b68-4679-96bc-2dd7fafb63e7,Gerald Martin,khall@example.org,01314960602,Joannemouth,Equatorial Guinea,2020-11-14 15:58:33.174259
d37efcef-9b1d-47dc-ba9d-c7ff7a3e41a3,Claudio Delia Vélez Villegas,serafinmurillo@example.com,562.675.4505,San Nancy de la Montaña,Federación de Rusia,2024-05-06 07:02:37.582125
d778a313-55d2-4404-97b3-aaadb6b489c3,الأستاذ سلطان المشاولة,mrtjy65@example.net,+1-406-552-0697,كانوmouth,Uganda,2025-05-27 18:02:39.598986
d79db53a-1287-402f-aabc-87f0fb304b43,James Wilson,whorton@example.org,001-905-399-4820x998,Port Lori,Singapore,2025-09-27 13:05:29.265553
edc6a7b8-04f6-4d97-b026-7ae44007e15e,Pascal Bachmann B.Eng.,roger66@example.net,+49(0)7087 268982,Vohenstrauß,Suriname,2020-01-25 13:37:03.475360
c85fdd1b-c269-48c1-86cb-9c26fca095d2,Kieran Mistry,hhilton@example.net,0292018904,West Kate,Albania,2022-05-17 04:07:31.722943
4f081e9c-1b58-48a4-b061-a2f0ea6c2b1f,Mariano Herrera Ulloa,esquibelpilar@example.com,858.367.3823,Nueva Sudán,Italia,2024-02-10 02:07:36.261218
904a62b4-fe8f-4e1a-b558-56255e1beef5,آلاء آل جعفر,qnt62@example.org,281-562-1620x992,West لاما,United States Virgin Islands,2024-02-18 03:40:26.401917
c7fec725-56e3-4600-8d09-9f957ade1b6b,John Odom,christopher62@example.com,998-644-1937x7881,Alexandrabury,Spain,2025-01-24 00:44:25.219167
80713e2d-73d6-4e62-9237-871c981b361b,Prof. Nadja Schlosser,hellmutwarmer@example.net,+49(0)4919912754,München,St. Martin,2020-10-08 13:02:31.985775
d30040b6-9a4c-445a-b7e1-92a5ad2c41fe,Dr William Matthews,hayleylees@example.com,+4420 7496 0091,Denniston,Guinea-Bissau,2021-03-07 07:19:04.167103
99dc5b11-47ef-472f-8623-655a7d62a4e7,Amelia Pineda,smeza@example.net,1-344-292-7449x986,Vieja Suriname,Líbano,2020-05-12 03:16:24.014395
5f40be93-6c35-4973-b472-3c331f173030,المهندس سالم الجابر,gal-mqt@example.com,4286897185,أبا الخيلshire,Canada,2024-07-05 12:57:24.596445
30a23ff6-8bac-494e-82b3-c3dcf811f581,Erica Nelson,murphytracy@example.org,+1-707-200-0513x089,New Mark,Eritrea,2023-06-18 03:28:52.434945
e11b2b1b-5a15-40a0-8aab-8da90ec27f71,Karsten Patberg B.A.,rainerebert@example.com,(06523) 407459,Greiz,Vereinigte Staaten,2022-10-28 12:45:06.173878
7187a7bb-0274-4a16-ad01-42eeb93607d6,Alan Lynch-Browne,jacqueline06@example.org,0151 496 0738,Browntown,Congo,2024-04-15 11:10:40.022785
4658cf82-c001-473a-9fde-dc59c0ab84df,Elena Olga Villaseñor,yabreu@example.com,(187)810-4638x2812,Nueva Iraq,Turquía,2025-06-29 16:21:57.288782
9a9f8567-f240-461f-b12f-801e439a7f25,تمّام آل العسكري,shbnal-bn-zfr@example.org,(325)496-8363,شهدhaven,Cambodia,2023-10-22 12:19:09.770604
c64bd2c7-c9e0-4199-bcb3-2dbc74cde040,Tiffany Schroeder,carterthomas@example.com,001-921-786-9817x728,South Jesse,Iceland,2021-11-19 23:44:17.008234
bd418215-213f-4626-8f39-d24bbdb445bd,Univ.Prof. Kati Gnatz,vinzenzschmidtke@example.net,+49(0)2142 801040,Pasewalk,Amerikanisch-Samoa,2023-07-26 18:33:11.695604
12dd813c-0219-400a-b410-80f16cc00fdf,Kirsty Miller,ktaylor@example.org,01164960188,Bibimouth,Slovenia,2021-10-08 21:04:57.557892
76d3fe6f-e957-4a64-bea9-1a600b768d7b,Ing. Isabela Saiz,elizondotania@example.org,+53(0)0325196874,San Óliver los bajos,Botswana,2025-06-22 20:58:42.601647
ec6b1a7f-739b-4c2b-a981-a1bfbc9a1a88,شفيع آل معيض,tmd07@example.com,771-414-7647x82706,آل معيضfurt,French Polynesia,2020-04-29 19:24:37.911096
89573c32-ffac-4032-9401-063dbd1429b6,Nicholas Thomas,clarkejoe@example.com,001-632-665-3646x442,South Kelly,Turkey,2025-03-17 15:16:01.787529
ffa385b8-5c2d-4773-98f3-4d223d44660d,Herr Birger Stey,nadeshdahoerle@example.net,+49 (0) 2631 025415,Chemnitz,Italien,2023-12-23 02:17:42.432706
58380c0a-263a-4634-9cd0-f11fa2fa0ef5,Philip Wheeler,handrews@example.net,+44131 4960406,Johnstad,Svalbard & Jan Mayen Islands,2020-10-14 16:05:52.010112
c5cf805f-64d6-485c-853c-e714ab129e30,Óliver Amelia Prado Alarcón,barbaracastellanos@example.net,04377330521,Nueva Maldivas,Bhután,2021-05-29 23:15:15.400391
053f1ed1-d54a-4b97-ad5e-63d5625ab08f,المهندسة لوليا آل قصير,vlmhn@example.com,(863)821-8630x806,West عبد الصّمدshire,Canada,2023-01-20 02:20:32.964287
5e5645e3-cb02-497b-ab89-5d0006b4e547,Cassandra Wilkins,christine60@example.net,(950)392-3493x55704,Lake Josephview,Sao Tome and Principe,2024-06-18 01:56:10.362592
00505d2a-2f5b-486f-b9d0-f298b75ea257,Dr. Monika Roskoth B.Sc.,kochflora@example.org,+49 (0) 9314 409962,Hettstedt,Côte d’Ivoire,2024-05-23 13:35:34.265462
2eec380a-569d-4557-a01d-e9824a4a1715,Michelle Schofield,kate75@example.org,(0116) 4960611,South Janice,Israel,2023-11-12 23:24:09.383351
7955a776-8ad3-46e8-be1a-443cfe27be9a,Olivia Eugenio Sosa,aguileramarcela@example.org,(960)535-4439,Vieja República Unida de Tanzanía,El Salvador,2023-08-13 18:10:07.698378
d38a0d5e-b3f0-4ce0-8e9b-f9226e045123,الدكتورة إخلاص حنبولي,lhkyrkfwr@example.net,288-874-3053x197,Lake روحي,Yemen,2024-01-06 12:24:55.936074
4ca784c1-8748-4da6-8ca5-9f5d19a8d61b,Rebekah Meyer,michelebriggs@example.net,001-487-552-2795x87222,Kathrynshire,Grenada,2024-04-14 23:22:32.509550
96f10011-6fdd-47d0-8c71-5a5520110447,Alexandros Hörle,qmies@example.com,+49(0)6826 37485,Rockenhausen,Sri Lanka,2024-03-14 11:59:04.684355
cd96df99-02fa-4b14-88a4-eadf42de8761,Jeffrey Stanley,ubrown@example.com,+44909 8790262,East Melissa,Argentina,2024-11-18 09:42:49.471920
b5483bac-63fd-4447-8758-9b84d79b1530,María del Carmen Aguirre Zaragoza,hector86@example.org,244.516.3973x9931,San Hugo los altos,Namibia,2025-06-13 08:50:37.991965
83204ca5-7fcb-47a8-87a8-dadec8f04cee,ايمان آل سعود,khjr@example.com,+1-614-393-2933x9356,إباءtown,Pakistan,2020-09-07 11:54:34.043460
2d922476-4e06-44b3-85bd-c28e335bfded,Katie Harris,maria78@example.com,(779)805-4358x670,Hansonview,Ghana,2020-03-07 23:13:13.196561
ff9827ba-36ce-4d1e-a55b-208e6d2cc8a3,Mira Baum-Gumprich,mohammed99@example.com,01180557092,Auerbach,Oman,2024-11-14 05:18:17.707534
4b9894c6-3a5b-4656-91da-dc6037c7489d,Miss Amelia Mahmood,xdavies@example.net,+44(0)909 8790913,Hugheston,Guinea-Bissau,2020-03-30 08:01:58.782783
4a4e74bc-13f9-4d38-b9ae-6c76daccb874,José Manuél Raquel Maestas Cruz,rosaliaramirez@example.com,09411437888,San Rodolfo los altos,República Centroafricana,2025-03-10 08:58:28.891653
6606a279-94ad-40a8-96c8-e4e71ab731c8,المهندس عرفات المغاولة,nsybal-rfy@example.org,926-655-2405,ضرغامshire,Faroe Islands,2025-07-21 01:11:00.943292
11c68843-eb74-4c5c-b45f-81549d47aefd,Marc Allen,timothy69@example.net,8076578647,Port Richardmouth,Mozambique,2020-02-24 06:31:11.634923
ef003627-7426-45c2-8c5e-91611e5414db,Monica Hering,baumheiner@example.org,+49 (0) 1650 349358,Witzenhausen,St. Helena,2022-10-19 15:32:52.745001
9723f9da-6210-4284-9a7b-3368a472297e,Shirley Cross,melanierobson@example.org,(0808) 157 0080,Moorehaven,Gibraltar,2020-09-11 07:53:13.655680
9bca4216-bb90-4be2-adc2-e68e71ee8d5d,Lucas Rangel Mayorga,julia07@example.com,128.687.6821,San Vicente de la Montaña,Islas Salomón,2023-01-28 02:47:16.825131
42bf1262-aa43-4d6b-bf5f-5a7db0d7eaaa,الآنسة روبين العليان,ldbgmyrl@example.org,477.241.6075,New نشوانfort,Canada,2021-09-06 16:21:58.826839
c734093a-36f7-4856-b584-e77efa841474,William Wood,stevewilkins@example.com,+1-556-690-3043x72054,Bonnieburgh,Georgia,2022-01-28 13:23:45.546226
6b413acb-288c-4ffd-97aa-9a010868223a,Univ.Prof. Kemal Herrmann,mroskoth@example.org,+49(0)4907639075,Gardelegen,Guyana,2025-08-13 21:07:26.538608
3c3290a4-2c79-4c5e-b140-e32a3330d49e,Jane Duffy,bibicallum@example.net,+44292018153,New Mohamedmouth,Norfolk Island,2020-04-02 08:01:09.735807
bfa93048-6ef9-460d-874b-781560da6e82,Sr(a). Javier Jáquez,miguel31@example.net,431-159-9658,San Alejandro de la Montaña,Niger,2024-02-17 13:54:07.086231
aaa6ada4-20eb-4ce9-9023-40abb6056dac,السيدة ناهد شربتلي,bdrldwjal-bn-zfr@example.org,001-811-660-0550x684,آل معيضshire,Saint Kitts and Nevis,2021-12-17 02:04:33.874316
d1200dda-a396-46f0-96cc-e8d7c7ed2da1,Sheryl Roy,ralph29@example.com,894-297-1114,New Jennifer,Ireland,2025-03-14 09:16:11.099000
7d30febd-97f6-469b-b289-7f4820003803,Hardy Heintze,franz-peterschmiedecke@example.org,(00365) 385719,Perleberg,St. Lucia,2020-10-22 18:46:53.100102
1ca14add-bda2-47e3-b709-6f83a705e2b9,Amanda Webb-Powell,henry26@example.org,+44117 496 0637,East Stephen,Heard Island and McDonald Islands,2023-11-03 09:57:35.157145
ee50eaf1-706f-47a8-a832-9487ab6d7e9f,Mtro. Miguel Ángel Valadez,verajesus@example.org,1-471-782-0622,Nueva Somalia,Kazajstán,2025-06-04 06:38:07.477658
878524ef-1472-4e48-978a-a7ff9881dec5,عبد اللطيف الشايع,khlwsylkhrfy@example.org,7695834338,New لوجينport,Falkland Islands (Malvinas),2021-12-28 05:47:16.496006
6e8628a0-a8b7-4896-bd98-f7f875a7e088,Christine Craig,denise12@example.com,274-909-5065x90793,Anthonyshire,Belgium,2024-02-16 06:55:11.369936
2b694c19-f58e-45bb-8b91-e47f9a4b2aa6,Sahin Ruppert,nelli28@example.org,+49(0)7110 41099,Nürtingen,Benin,2024-06-13 00:29:26.625450
dfa947ed-958b-4a97-a0a8-08760261f0d9,Dr Daniel Taylor,hallcharlie@example.com,09098790287,Bethanmouth,Morocco,2024-08-27 22:11:22.663842
3002d8ba-3920-4ef4-85b1-a8a31b400a84,Fidel Amelia Roque Roldán,bernardoceballos@example.com,1-497-103-9595x24689,San Luis los altos,Mali,2023-06-19 07:13:45.938279
df87a2a6-376d-41da-8e03-d8d7625aa7b1,شادن آل محمد بن علي بن جماز,oal-bn-lfy@example.net,532-566-4305x6912,الراشدshire,Andorra,2020-03-08 22:50:16.990973
7ae5a12e-619a-4ea1-801b-8e73edb55866,Scott Mckay,fmontgomery@example.org,001-309-230-0434x001,West Amandashire,United Arab Emirates,2024-10-24 06:52:10.329237
051b252c-6f9c-4347-8bcf-51ce702d827c,Salih Patberg B.Sc.,karl-ernst48@example.net,+49(0) 376955860,Stuttgart,St. Lucia,2022-06-25 19:29:31.728607
6e7f7106-d8a6-44f4-95fa-f536d0792204,Linda Clayton,lynnekelly@example.com,(0131) 496 0917,Lake Billy,Solomon Islands,2023-05-07 14:41:51.429912
183f99ae-cf4e-4bc3-a3f7-1cb907d56ad8,Horacio Mónica Mayorga Peña,dlemus@example.com,1-082-646-6997,Vieja Vietman,República Democrática Popular Lao,2022-12-26 07:27:10.746710
697cad71-1d09-400f-9972-d6bc3c56b784,عبدالله آل سلطان,yal-ly@example.com,671-931-1907x2492,طلعتfurt,Algeria,2024-05-09 13:59:47.843185
e48314a9-ec39-40c8-86b8-5f3f226d8b1c,Marc Martin,janderson@example.com,425.853.3499,New Hannah,Nepal,2025-05-13 03:59:59.507874
c796a14a-38c9-4c74-9fc9-b25afab0b9df,Svea Steckel-Gröttner,wirthsilvana@example.org,(05947) 39885,Büsingen am Hochrhein,Monaco,2021-08-31 12:40:09.722756
1564cf39-4a13-4811-92c0-f55e145c1272,Luke Clark,karenyates@example.net,0151 496 0913,North Justinstad,Panama,2023-04-13 20:20:51.064228
8cb27156-537d-4fdb-af48-c08bc9932afc,Jacobo Naranjo Tafoya,lilianabecerra@example.com,652.758.8349x76265,San Lorena los altos,Micronesia,2020-07-10 10:40:22.334376
2dc8f0fb-c09a-49b2-8ea8-837f5857f08e,الدكتورة إلينا آل معيض,swd72@example.net,566-243-8931,وسامfurt,Niger,2024-11-20 13:44:15.034196
242c4ca0-8bca-4c11-81de-bde798ddf6f2,Vickie Jones,pattersonbelinda@example.org,(371)770-9048x8940,Rodriguezbury,Eritrea,2021-03-06 20:31:11.116840
9df03b7c-bb36-482e-bd13-d59f03e86614,Frauke Eberth,nohlmansmary@example.com,+49(0)7879 74696,Pritzwalk,Lettland,2024-12-24 12:24:39.946947
aa00d7e3-e6a7-4bd5-9064-af89c59c673c,Hannah Potter,vwilliams@example.com,+44116 4960158,West Justinfort,Zimbabwe,2025-07-19 08:30:13.931046
1d901be2-551f-4040-ab07-9ecd41ab2ab9,María José Menéndez Aponte,regaladomarisela@example.net,(550)130-4712,San Elvia de la Montaña,México,2021-01-28 09:53:05.945745
f1d59f89-4885-40b9-bd0e-9fa9c6da2c11,مُخيمر آل بن ظافر,frjal-khdyr@example.com,(594)420-0834,الجفاليview,Tanzania,2024-07-31 14:25:15.862806
2bae848e-0702-4c20-978e-b5afcb458eee,Jessica Daniel,louis27@example.com,941.378.7229x54597,Johnsonfurt,Sri Lanka,2020-05-31 18:32:11.457277
72244664-b484-4ce1-811b-d7aa8d85f182,Hans-Hinrich Ruppert,vbruder@example.net,04501 607747,Ochsenfurt,Jordanien,2024-10-13 11:43:29.006649
fe1714a7-257b-4ee8-8da0-2b727e04a94a,Gavin Goodwin-Haynes,pcarr@example.net,0121 496 0374,North Kirsty,Moldova,2024-10-18 13:40:54.712844
b9cc0950-3d08-4bee-9d49-f5060b2cb9d8,Esteban Osorio,wcamacho@example.net,(187)239-7440x61072,San Jorge Luis de la Montaña,Bosnia y Herzegovina,2020-09-13 12:29:55.908039
3bf2e3cc-85b3-40b8-bb53-82a504a6e552,الدكتور خلدون آل جعفر,rbh72@example.com,+1-589-351-6576x6143,فصيلview,Hong Kong,2023-06-12 14:41:20.315651
4d9b33d1-4b42-40df-8183-bc2fde7cb119,Jesse Freeman,lunaeduardo@example.org,(761)849-7696x5561,West Jason,Norfolk Island,2024-10-23 02:42:16.791322
71d0ecdb-5598-496c-b9b7-3b8ac2aec050,Patrizia Nette,fredivogt@example.net,+49(0)1056 68697,Lüneburg,Bahamas,2022-08-16 20:11:12.002683
49fff65a-acf3-4613-815a-6182e8b7cf49,Aimee Patel,leonard82@example.org,+44(0)1614960208,East Carole,Sweden,2024-08-23 17:29:01.909060
d9c8ea35-fc8c-44bd-b8c9-64406890f5ba,Citlali Esquibel Nieves,valladaressoledad@example.net,+97(0)7515127485,San Magdalena de la Montaña,Ucrania,2020-10-07 15:49:06.636256
1157dd3d-680e-454b-8308-087acf54599e,المهندس فخر الدّين آل سلطان,mywd01@example.com,603-505-1896,Lake شعبانbury,Burkina Faso,2021-01-20 06:16:09.995873
6edc62b8-5bc3-4368-ac9d-18c3e1029e71,Jessica Carson,coxjennifer@example.net,(907)851-7203x9377,Browningmouth,French Southern Territories,2023-11-21 22:57:55.332343
e8aedfe9-bd52-48a6-afb3-1ab5d91de0b0,Margaretha Henschel,ingebloch@example.net,01291 941044,Marktheidenfeld,Mali,2023-06-13 10:36:37.960339
afed913f-8ef9-4561-a9bb-d0c1af842561,Mr Damien Brown,hallcatherine@example.org,+44(0)131 496 0371,Clarkestad,British Indian Ocean Territory (Chagos Archipelago),2024-09-11 00:51:42.444730
066ffa14-9180-427f-9409-fdc40acb5b7a,Aida Meléndez Molina,galindoalma@example.net,905.435.1028x79152,Nueva Djibouti,Yemen,2024-09-15 23:53:20.114027
f28448fb-a3aa-415d-94fa-64516f25d4ef,الدكتورة بهية شربتلي,blmshwl@example.net,(958)785-4082x0780,North مُنير,Korea,2020-08-18 09:26:06.022544
70c29447-3e64-4756-90fd-6861a87da33c,David Davidson,ycook@example.com,+1-998-767-5906,North Patriciaview,Vanuatu,2024-03-05 08:55:56.840720
9aa85a6e-53ae-4b91-b0a4-cc928b731cf1,Heimo Kramer,mudemalgorzata@example.net,+49(0) 650516708,Hannover,Niger,2021-09-03 20:29:00.902276
5c180537-9308-40de-9166-cf2b085b4b34,Kyle Rhodes,morgandaniel@example.net,+441632 960 198,Mohammadbury,Cote d'Ivoire,2022-07-31 02:38:31.811760
aade97b6-dc7c-4357-932d-1331ea6764e5,Clara Porras Caldera,lemuszacarias@example.net,+33(3)7328795173,Nueva Tonga,Liberia,2021-10-30 02:28:01.600755
551da18e-4576-4b15-b3df-c2f87ba6eb09,جالا الحكير,pal-sfwn@example.com,001-233-653-1527,مهناmouth,Serbia,2024-12-07 11:02:00.294256
568dc89f-7ce6-4cca-b8f7-41cf6bf5673a,Brittany Pierce,daniellejackson@example.net,001-408-796-2591x340,North Tiffany,Greece,2023-03-25 23:04:31.456502
e4532e97-020b-494f-9154-932b770a2c86,Irmtraud Butte,neuschaeferreiner@example.com,+49(0)0263 738208,Steinfurt,Guam,2024-09-25 00:16:47.091590
99b2fa58-563c-4eb0-beef-18622da1f0fe,Bernard Parsons-Gregory,kieran11@example.org,0121 496 0670,North Rossville,Bolivia,2021-09-23 03:44:15.298069
4ff05080-ecff-4726-bf07-8b1f7542e9c5,Gonzalo Raúl Maya,roquenicolas@example.net,739-740-4744x3129,Vieja Ecuador,Guinea Bissau,2023-08-29 16:51:55.145018
da599cf7-9f66-456a-a07b-71ffafa08d49,عارف مهنا,lhkyrbd-lzyz@example.org,+1-346-519-3525x6048,آل بن ظافرstad,Jamaica,2022-01-20 02:42:16.710715
864ea3e7-05ed-4250-b907-42953cee2ce6,Brenda Martinez,kimberlydaniels@example.org,702.268.7272x9460,New Emily,Bouvet Island (Bouvetoya),2021-07-26 18:02:27.862947
936a2efa-6abf-42e4-906f-eb6b116ad6fb,Christos Gumprich,juliawernecke@example.com,(09643) 958784,Eisleben,Malawi,2021-12-17 14:09:32.476740
b80a7e1d-3b79-4b62-a95d-88115dd81906,Conor Watson-Allen,zread@example.com,(0116)4960547,North Katherineberg,Suriname,2022-05-15 13:59:53.010829
eb325a8d-dbbb-4a2c-8137-9e52f85e1228,Dr. Adán Pedraza,jose-mariamadrigal@example.org,104-525-1328,San Daniel los altos,Panamá,2020-07-28 14:47:39.702007
8268391e-3134-4755-a0de-0319b69944ba,عبد الصّمد آل بن لافي,rwbynljln@example.com,474.575.5740x785,آل حسينborough,Taiwan,2023-12-11 08:17:19.503162
964fa41a-ca77-451d-9147-55b99d0f5a87,Kevin Davis,juan80@example.net,589.329.6840x84385,North Danahaven,Equatorial Guinea,2022-12-25 09:08:54.505502
c7caa248-1447-490a-a1ad-772207a24ea2,Alexei Wilms,slavica80@example.org,+49(0) 688009441,Sulzbach-Rosenberg,Amerikanisch-Ozeanien,2023-08-21 10:53:45.581425
cb262326-5db0-4b18-9960-d6d0b216cb8c,Caroline Potts,jonesjake@example.com,01154960434,Paulbury,China,2023-04-30 22:26:34.169620
54fb70d4-18e4-4144-8cdf-d3c6a2f19aa5,Antonia Emilia Cedillo Olivárez,david94@example.net,398.840.9471,San Mariana los bajos,Chipre,2021-02-22 17:02:09.903965
6b49e929-8b27-4f1b-812d-7d9b6da1f89e,محمّد أبا الخيل,cal-hsyn@example.org,(702)603-3542x535,East أريج,Korea,2024-06-16 21:02:08.482665
082934a4-e778-4424-84a5-eeae1048b1eb,Allen Munoz,xthomas@example.net,(925)998-9858,Justinview,Romania,2022-09-06 22:41:56.411049
e8d5f9cc-8179-4e7b-835f-60c0ed0afe5a,Dr. Daniele Haering,dittmaralbers@example.com,+49(0)5807 516838,Rathenow,Katar,2020-04-09 01:12:46.452824
4df124ca-d134-4ef0-81d6-8896284a967d,Christine Barrett,emmachapman@example.org,(01632) 960 191,Marcusfort,Ukraine,2022-05-24 08:40:37.736910
450e3266-82d4-46cb-96c4-91668dd8dca3,Asunción Jurado Vaca,tijerinarocio@example.com,269.237.1592x91978,San Bianca de la Montaña,Líbano,2021-06-11 03:19:51.923144
a9870ea4-3e0b-4190-8cc8-89e09408570a,السيد مناف آل سلطان,lym10@example.org,001-844-849-7121x805,Lake عقيل,India,2024-10-11 07:03:16.512252
b919f29e-5f27-4b64-ab88-7c89d5fcbda5,Jennifer Thomas,evan81@example.com,001-445-451-1253x46495,Lake Brenda,Kuwait,2023-03-26 17:32:53.668947
df63e02c-a4c5-4dc1-a276-4108d8f9842d,Angelina Ullmann-Hermann,nickmatthaei@example.org,09630 937153,Konstanz,Nigeria,2020-04-14 19:16:05.925179
2630f262-aba0-419b-aa14-bda3979b58cd,Jeffrey Bond-Clarke,zwebb@example.net,+44113 496 0174,West Melanie,Andorra,2024-04-18 03:04:06.504447
fb683489-7b6b-49b2-801a-a93f544113fc,Mtro. Judith Sisneros,varelacesar@example.net,(241)362-7542,Nueva Guatemala,Liechtenstein,2023-01-05 23:35:15.666318
2708a528-e292-4e99-b833-0ed7d43bfdb5,ليم الشايع,jn25@example.net,315.452.6022x2400,West حارثchester,Korea,2022-07-07 02:19:17.745308
015c6e26-52af-47df-9773-03ad7a6f7754,Christopher Mercado,david22@example.org,530.762.5452,Port Tonimouth,Malaysia,2020-03-07 20:51:28.438677
a86359ef-7be7-4336-b178-953394aec6d5,Gert Bauer,drewesnora@example.org,07773 45183,Lobenstein,Guatemala,2025-06-06 16:35:24.981274
c73e3cfb-6205-4d57-8ec8-9ca47fb37a16,Dr Trevor Miah,duncanbond@example.com,029 2018741,Schofieldfort,Madagascar,2020-12-15 15:42:01.591474
2efaa282-1fc8-451b-ae76-e2c036fb673f,Eugenia Clemente Loya,baezrosalia@example.com,+48(1)4044937058,Vieja Noruega,Malawi,2022-09-05 06:47:54.381295
caee381c-5d70-47ba-84b9-ffeecbd7320d,صدّاح آل صفوان,zhrn57@example.com,+1-603-356-2300x391,West مأمونville,Iran,2022-02-12 02:28:31.095532
ec5fcdec-43ab-446f-ad40-d8a74faaba49,Megan Jackson,sara03@example.com,+1-850-297-9926x167,Martinfort,Congo,2024-11-28 08:20:08.811618
03439e45-818b-4a7c-8e04-baa3f6f128f9,Ing. Hans-Herbert Käster B.A.,vanessaloeffler@example.net,+49 (0) 3711 608349,Hohenmölsen,Uruguay,2021-12-14 10:03:27.564386
bb539d8f-ec1d-4633-af4f-d6cee3a37594,Dr Joyce Warren,adrianwood@example.org,+44131 496 0169,New Sharonborough,Senegal,2024-12-17 08:08:49.930855
a39a47d8-adb4-4bf4-9274-858fb9c40389,Silvano Casas,jnarvaez@example.net,399.844.2068,San Ángel de la Montaña,Pakistán,2022-03-05 04:59:20.524615
68484d7d-d26b-4841-b3e7-caf89b10136f,إلينا الخرافي,nwr-lhqw03@example.net,4072187226,East خلدونview,Lao People's Democratic Republic,2025-05-27 10:49:03.095713
d1fda492-3faa-4220-bcc5-e11046709895,Mark Smith,morganstephanie@example.net,7543551549,New David,Ghana,2022-01-30 18:14:57.060139
bc7ba3c0-9989-4868-bb62-36926450c088,Betti Matthäi B.A.,wrogner@example.net,+49(0)7642 96032,Monschau,Weihnachtsinsel,2021-10-28 19:57:45.532291
c02cfa17-573d-4e12-9652-84b9c8118abc,Vincent Riley,steven02@example.net,0114 496 0867,East Elizabeth,Singapore,2020-07-20 12:29:21.562926
ef9d21aa-6826-4f98-b95f-c12cc2d53c22,Sr(a). Rebeca Madrigal,felix58@example.com,1-285-253-5939x442,San Jos los altos,Camerún,2022-03-02 23:31:55.016845
47dee819-ce39-4661-bc78-aeeeebdb603d,لانا آل الشيخ,kzmal-swd@example.org,(598)825-8212x489,New روحي,Canada,2020-07-21 11:00:03.141345
e1cacbe8-a695-4a41-89f8-e0bfcb6e3321,Erin Chang,brittany92@example.org,(508)411-0516,West Michael,Nigeria,2020-11-05 05:25:39.300476
9299d7b9-392d-4503-919a-fb9182455754,Hans-Gerhard Wilms B.Eng.,ualbers@example.com,04033 44157,Lüneburg,Mauretanien,2021-04-11 10:15:25.891725
4cfe0408-6769-448a-adc3-c75d0f50a181,Shaun Parker,darren99@example.org,+441632 960 457,Lake Sylvia,Lesotho,2025-10-02 03:30:53.253511
c6a2c2b3-41d1-442d-87ef-6fc8eed892b3,Ing. Jorge Luis Prado,luzcantu@example.com,1-446-631-3635x457,Nueva República Democrática Popular Lao,Filipinas,2020-11-27 03:19:38.659644
1734d04b-39d8-40ab-8c6d-5720bd0390ed,الدكتورة جيلان آل قصير,zb-lkhyl@example.net,001-526-343-3490x649,آل معيضfort,Syrian Arab Republic,2020-08-07 13:11:06.870841
e26c1d05-bb71-4940-9c65-c95812ccbab4,Victoria Cameron,john71@example.net,236.244.9439,Thomashaven,Djibouti,2020-03-02 04:21:28.052685
57d49778-606f-40ec-80ea-05149c4e87cb,Prof. Recep Oderwald,alicia91@example.net,+49(0) 973527451,Strasburg,Aserbaidschan,2022-06-24 16:43:04.925120
2a2f55b8-23f6-48fd-8c8b-bead23c88d7f,Catherine King,owenkhan@example.org,+44(0)121 4960825,Port Jordanchester,Yemen,2024-08-30 04:55:39.551588
fa39dc9c-64a5-409d-8e43-b843b31126de,Dr. María Luisa Hernández,reynaldovelez@example.net,906.553.8965,San Jaqueline los altos,Dinamarca,2020-05-21 00:08:34.874918
73ac8dc9-42d5-4a63-a160-c1b11a1cddd0,مريم الحجار,mundhrbqshn@example.org,001-953-651-8552x721,Lake سعديmouth,Comoros,2023-05-06 14:47:22.499819
34a3e035-6af3-4ea2-88b3-dfc2b8bb06f5,Eric Ramsey,mjenkins@example.com,850.855.0818x1464,Kristinbury,Antigua and Barbuda,2023-07-26 22:32:09.345474
35ef5590-4410-42d6-ba3b-2a0f9ceebe8f,Erik Drewes B.Eng.,nsauer@example.net,08357 797890,Rehau,Bouvetinsel,2021-03-09 22:45:50.714292
6d14390e-a089-4b45-a35d-77d1113b70f4,Aaron Thompson,allan95@example.org,+44117 4960834,East Gordonland,British Virgin Islands,2020-11-29 11:30:12.695950
a3fb9dc7-effe-4ae6-8f14-e4d2fa9aea69,Carlos Abigail Orta,deboraarmenta@example.org,690-555-1731x871,Nueva Liberia,Camboya,2021-09-26 09:39:13.227447
e747f6a5-2dbe-406b-95ef-14cd074f26d8,الآنسة دانية آل عطفة,fal-sfwn@example.org,001-727-344-9391x59304,West زياد,Jersey,2022-07-21 23:06:14.778861
669ab64d-4244-430f-ba2a-a7f2ec76d3c7,Michael Diaz,christine73@example.org,200.498.9354x12768,Abigailberg,Uruguay,2023-03-14 20:07:30.393684
29a3c5f1-ffdf-4524-b029-f4ea0da61c1a,Hannelore Eimer,gorlitzwitold@example.org,05910 61353,Waldmünchen,Somalia,2025-02-04 22:21:55.170669
f2ab133a-b88c-4725-8a03-e94faf701dee,Dr Naomi Hilton,louisevans@example.com,+44151 496 0506,Normanmouth,Cocos (Keeling) Islands,2020-07-07 10:03:58.217075
14c0e7d9-504b-4b9c-b776-92597563aded,Mauro Galarza Cedillo,ahernadez@example.org,09067596288,Nueva República Democrática del Congo,Malasia,2020-02-21 09:27:01.833697
1388d719-d351-4216-b001-6d1c568604c7,الآنسة نوف الحكير,sbal-ly@example.com,950-889-9080x103,بقشانtown,Pakistan,2023-12-12 00:33:56.953612
84e89ddd-a39b-4aef-9021-2b7310a59467,Sean Jones,taylorrita@example.org,+1-882-312-1684x293,Amyfort,Tajikistan,2020-01-29 05:33:05.447439
16f22bc1-77eb-4897-807b-ada006c6daf6,Ing. Lidia Mies,carlos65@example.net,+49(0) 198542530,Neu-Ulm,Rumänien,2023-05-16 23:44:46.348931
407830d2-2ddb-4ad1-88c6-d933c0704d61,Linda White,ameliaphillips@example.net,(0909) 879 0718,Walkerhaven,Haiti,2025-06-29 10:34:35.509064
22ff9e60-a7ad-41b7-aa65-d40f402c9167,Hernán Benjamín Granados Vargas,jesus32@example.org,875.071.7839x18092,San Rodolfo los bajos,Liechtenstein,2023-04-12 09:23:16.105087
a0ce4d71-31f7-4b57-825b-713e3d8d6353,الآنسة جنى المغاولة,gzylrshd@example.com,(989)272-1720,العليانfort,Lebanon,2025-01-07 23:47:29.639509
537c6164-36af-4605-8391-d9267ff8f7bf,Melissa Boyle,amy82@example.org,771.796.0930,Orrfort,Guernsey,2022-05-08 05:20:09.776771
57d192fe-6a82-40b2-b047-c3597d171dbb,Anne Wieloch,vitokohl@example.org,(03425) 864211,Hannover,Dominikanische Republik,2024-05-29 17:04:51.448260
5d9ad9b8-92c3-4272-a1fe-ad2bc8e82dbe,Irene Turner,ronald12@example.org,(0191) 496 0205,East Amandaview,Kiribati,2025-08-24 22:00:40.165481
bec46051-f923-459f-897b-30df198b55b1,Germán de León,isaacsalcedo@example.com,+68(5)1057757995,San Fernando los bajos,Dominicana,2023-09-28 00:38:20.330395
2f099124-517a-4d82-9f46-c72505a65627,هايدي آل العسكري,murdyllyn@example.net,+1-837-973-4249x516,روباbury,Cote d'Ivoire,2020-05-08 00:00:20.273116
745dadf5-48db-4874-ae4b-a0a3332fb36b,Linda Lynch,lawrencefrank@example.net,323-889-7905x866,North Gary,North Macedonia,2020-08-22 07:10:47.555742
406db1de-ab53-4892-99cf-b3d515c1390e,Annelies Schäfer-Stumpf,iliasholsten@example.net,+49 (0) 2009 837249,Parsberg,Niger,2020-08-14 11:05:22.804641
ebece9d2-6921-4a1b-a34e-c16e4dd264ab,Josephine Miles,willistracy@example.org,+44(0)121 4960094,Lake Joanna,Canada,2025-03-23 16:44:46.903788
497a917c-4c14-41f3-a6b6-e11594b9dda7,Leticia Macías Munguía,jgarcia@example.org,139.622.7776,Vieja Suriname,Saint Kitts y Nevis,2023-06-24 16:31:40.899354
011701cd-f3cf-40f3-aa28-8f3d4af3a372,سجا الجابر,bn-ldnshml@example.org,651-803-1981x60698,عبد القهّارport,Taiwan,2025-05-28 07:28:35.622709
bd10f573-711b-4578-8b27-36271a94831a,Stephen Stevenson,michael46@example.com,685-489-0829,East Gregorybury,Spain,2022-11-15 02:00:03.029136
1b277a52-c4dd-40c0-adf7-822cc02c28e1,Victor Fliegner-Rädel,brosemann@example.net,+49(0) 182728458,Marktheidenfeld,Myanmar,2023-07-15 03:17:20.770921
d5e48e14-5658-4600-93d7-23b3b94d0464,Mr Conor Watts,williamsmaria@example.com,+44(0)29 2018 0868,Hallhaven,Aruba,2022-01-02 17:49:16.777463
15ef3752-df52-4992-87d9-b21d189fd020,Eloy Tamayo,rosalia32@example.com,965.074.1443x1322,Nueva Kazajstán,Swazilandia,2022-02-11 07:58:11.486901
4201bd3a-0b86-4dfc-8aa1-63926557f9aa,السيدة روفيدا المشاولة,tbn-ldn@example.com,001-335-511-4631x5318,Lake ناظم,Singapore,2023-07-29 04:23:12.982790
f3c50a38-0514-4c4b-a21f-7792547f767a,Tina Johnson,kbennett@example.com,6336945798,New Jacobton,Cameroon,2023-06-26 21:47:37.456377
a8344f95-4dc5-471b-ae64-dd4c48e18b2c,Veronika Wilmsen,iris35@example.com,00811591188,Regen,San Marino,2025-02-26 19:04:04.687325
7f35203c-24d6-464c-a0e7-b0be37569135,Stanley Waters-Wilkinson,stanleywilliams@example.net,+44(0)1514960012,North Kim,San Marino,2023-01-14 01:47:44.836361
e5e4cd96-8112-4864-b5ef-0bd3b4da1e6e,Eugenia Sergio Medrano Lozada,ycaban@example.com,1-123-400-2936x477,Nueva Andorra,Croacia,2023-04-18 18:46:55.850531
740de87a-f516-4f12-b248-cf93eec8abc6,سخاء آل جعفر,aal-bn-lfy@example.com,001-631-281-5056,South سلام,Mozambique,2022-10-09 17:29:30.581338
6526038e-ee05-4e27-b69f-81999b0c1862,Kimberly Huerta,gamblemary@example.net,8072822073,Jenniferburgh,Tajikistan,2020-05-22 05:47:37.236734
8f9afcaa-8035-456e-a3dc-c8c2c4fea8a2,Carolina Weinhold,orogner@example.org,(01401) 11020,Jüterbog,Armenien,2022-04-13 05:34:54.493359
fb08d9e8-16ab-4e50-b128-05d31a47dda3,Hugh Joyce,margaretford@example.org,+441154960911,Joneschester,Djibouti,2024-05-11 09:42:35.810979
4b3ed0ed-27e2-4f24-b7c2-f05fde1215a6,Rubén de la Rosa,bruno24@example.org,(363)183-3382x2520,Nueva Costa Rica,Azerbaiyán,2025-04-04 07:31:32.518246
d4c52734-8265-43f5-bae8-4400e2d25b94,الدكتور وليد آل محمد بن علي بن جماز,yal-wd@example.org,+1-200-859-5088x397,الحجارshire,Belarus,2025-06-14 08:12:38.713282
b8bdbad6-9c08-419b-a439-66e3f21d22c2,Tina Meadows,toddcruz@example.com,+1-571-858-7446x81383,Whitneyfurt,Bouvet Island (Bouvetoya),2021-04-12 23:40:29.443085
1dd66115-44cc-43a5-b08a-126ba2ab71ed,Ottfried Heinz,doehnramona@example.org,+49 (0) 6475 920247,Neustadtner Waldnaab,Nigeria,2021-03-14 19:00:54.043906
52a80fb1-4d34-4d58-8d2b-f9438dbd856c,Christopher Harris,kennedyduncan@example.org,+441174960385,West Georgeshire,British Virgin Islands,2025-05-25 09:55:58.709661
dc9e5d17-687e-47a0-b02e-f84cee401f28,Sr(a). Adriana Velasco,rubycaballero@example.net,443-668-2489x28596,Nueva Eritrea,Santo Tomé y Príncipe,2023-05-11 04:24:41.224810
0a3ce647-4c5a-4417-b021-1df2b2425088,نصري آل خضير,al-rfyhmyd@example.net,353.925.6342x35971,حجارburgh,Lebanon,2020-06-28 09:50:25.008161
